period,duration,depth,transit_time,sde,snr,odd_even_mismatch,distinct_transit_count
9.581046366528344,0.08891951669765669,0.9997199591750052,1386.1848582548562,9.485988836829423,8.836414640577472,,2
